policy_id,hash
6707,bb12bb3451f18a28ffef1dcfd2bf4ddd
6670,6284a5acd7c6b27594239bf3c3dbcfae
6695,24988526371c6266194984a8fd9dde19
6677,b04eca69fbceb9bab6b15395fa088e6d
6706,955d87fec05aefbc2f374efa6885a947
1050,4ca66ddad870f33feff1bee5ed273be1
6672,53cede1da5082492d3f3a62b4f1a78fe
6860,bf06717be805b1730646aebafb12e716
6746,4c9270a7eb79c41f62ac2cf089b7df2f
6789,05d9e77f05b13ee2c829f3a091ad837b
6715,2d912061c7a95ea00dc48556ce05bad0
6910,d090fdf018976bdb416f87d3ae1cbf39
6697,7c566a9a8d263f57c4ec5f4f0e088d43
6692,6fffee9d4e0e0079b189b4f8a52000a2
1132,88a2252e858ed07d35cfb9caa53cc11a
6758,455b6a38ef4e26a754eeb37f41773453
1027,ce4d317ed40f1b93c7f0bd5b91a65a59
6757,ffc3b6c4f017c27e4dfd3762481427fe
6780,462cb617a26d65474e87cfe2b25c124d
6793,00617d63486d3a22c43a98a267e16fe4
6903,e84dd737bb0077f3271593540171ddd7
1051,b703824c5160911396ace49d925678d2
6690,57421f43daab5a03bc53d45565edf914
6682,d5f09e7aaec7207ff214055cb0a8f937
6859,f8c082f4ae636c9c31f334f1805ab552
6747,abac11b22891d7784bd271737f43cde3
6684,2456c083f6d35843f65fc874ce5acb36
6845,fe8ea0a06bcdb62bd744bf0f812abbb0
6751,f84b826dec02a6b5ca72ec4f84ee8607
6818,2079eeac9645662c861ae6f8e4ff882c
6965,849eed32d1a20f02f885295c7889b495
6709,8fd672e810d23f1c05509c6b2a67d886
6704,1598dbb9ee07a5360cc6ba04cea7f5e7
6678,8d8bef735a0299e901f97b59e5f50ab9
6764,22ea33617aafcd04f21d8a940a6f30a6
6708,3edcc4b6c8d230bf59976f8ad3c24360
1124,e97ee5b295cc19bf0aeea1496ae2a1de
6676,99b8dc7cea609b11ee58bb1713ff9eb8
6687,c19535c0cc59fcad515ef33e7aa24a7e
6705,8015d91705b4506e388cfbea7a80ddbc
6688,75220a12638102704bf0142c6255ab14
6686,fadc84deea66b54c55e7b1f41e7ee4fb
6925,aa6a4b7c9090a36d2a86e92f68c9f8bf
6893,3dcc4cda0eec946316f2fa1b6d6895bd
6744,692aca36252b0d4c5e86f331ccf0f42b
6766,b1255530f22e05727e1c610a9651e831
20001,7e7c01a67e4b8e1649a4fae728c8662d
6710,4954083b6ee52bafc2e5069bb4364c49
6804,edbb475733200da2b38459bbba42f4c2
1136,3be71bfa52f3ba4653dc64b1966a290c
811,9d91ceea8ce0c6b5aa6de681dd3b9fbb
1087,92ae5e6145adb27a8c0b53f212e504ce
1053,ede45b5c4b15cee02543ac4cb2c4a0ea
975,eaa059ab457c49435ff894356d68bf95
6674,f07909bb04b95ae283c8bd2043940787
6961,650dc021d5097f5093b985a842962770
837,916f801dbf996ec942de2dfbcd905d86
6854,7e9a238e1dd51c20389f1ce184ea7e52
6928,5ccbd229acd36017cd9de26d889ebeea
1049,42d9d4fd7f906e3bcce9e3dfc1107c8d
6671,8ca5e8df476af66f8e699270e4ebc87c
6802,c1f1a115b5f9bd7f9663e1be19f192be
6679,206f04aae78a23e17d322c441575583e
6958,5972c52d81249f381215e087f532a1cb
6667,f0e113071aaaa9b19c4026ba69333cde
1065,7f5b711988580e166a70bf6e03452c91
6892,c4861651351bbebec7647bdeae765a32
6720,aafbd75de433302d317a74997a50044b
984,21dba8b2caef6fc8984068e51b4205f4
6736,8db065f01481b2e40812cb7de492a347
6753,040e5943c91945226aace0cdb29c634d
6754,c6eec293226dd457d969bafd5f0347a6
1105,d552fe4ad0c801819f8c27891ea35e7d
6733,0c93bf156272ba395b105708ed94d752
6698,d42755b0ddb3feddb91b368bd09cad90
6680,18b09711cec8e7ca3f0d8616134b51d5
852,75480c84bcd2eb90d2908196a24b511f
6711,388fa83bcc891bb1522c1054c07de38b
6721,2150ca526eb24d00f96e7955d9e79947
6719,620694c00a9917c0933e5bfb99c99f5b
856,83b4ed0dd65f30b180361f2ae7fba833
6788,294177a7204964a517c54a873f5419b4
6718,3d840dc42809ab74cb773f9abd30202a
6703,2adeb3f5c7b6fc4cdf6a27a3d17c7a0f
1079,358b51426c8d109ae800e2380d43711b
6741,adfe2ec665f2d84230a2e5d8039703a7
6919,78d504e05943d640304a2b63e314b600
1120,ba87354a3c01f13f7fa0ef4afcec7a3a
1110,cbba63443b4e2e5572fdbb06a46e9887
6901,e6e832e390767e378a391314fcb35cbd
6851,82cd51c13377612700f0e8538906ec71
6888,ce4c464fe898827663f477d0dff9dc80
6971,ffb622537a580ca8e38e89551a2952d1
1113,7fd327a8d7d94f75eec387853e55cf5f
6694,21ea0289023d109ec731f8f51a7fd7c1
6862,dc8d89a73214ed0bfaf857079aebdf45
6812,d83de444d776c13744bb4ed75588a4da
6731,6632187cd0d8865aec1ec6f08917000a
6696,7390a1ae8493e262a03ef709ab7581d2
810,9d18050fa11ade7a493ce7a45cdd0111
6732,3b1af70b1f0ecd781472102ed9525d3a
6761,94613c02f2b5c87c0199ffb3a451acd0
6897,e7e9c8b4a21d6d00ba866927f5a15fcf
6693,d456a9fac3cce586a2cf703bfc294d7f
6683,0385635867e0df9b24a5a433242928b0
6857,12a32223fe436d3248a7434dfb622b53
6716,d3715a8ea799c345c700138dd1c7d99c
6691,e185a17c5fc803b4389ef9b8f8cddeaf
6685,3ccb9b48c43603ae815281cef8d505a4
6967,69b1156b6725b1c2c2f36c307ce0c96f
1109,882d2d7c781a7a7e51022cc9955e2954
826,403e9c6cc5e171538ac92d6749fc900a
1074,c73a18a68cb10b77d9e6f0bd216e84c8
6673,ff422c7bef2006df7ef4afb57784d5be
1071,9b34a1d80c99bc7f05faf629b0d2ddd5
6702,e924528e1c19d4703479ffbc77424d26
842,2dfa5dfc8bc30d0669cf0da1e87e9787
6681,8ff4b09c0674f131330b988f4ed47606
6963,e7315873e9815649f74843f05156ba7d
996,a0b1f31ebcdcd38b30e097f0104e2f7d
6916,8c5214c0e10a3044b640dd9f5c1f9f1f
1052,cd61a9c1267b787b2167eba6df38e646
6734,b70766c9385dc5ccf6eec00ee70d35e4
6909,ff3494c059ff6c45e845162fe3785832
6699,8c67cfbe742ed0b2f6a573e1ada9fdf9
6915,06fc34f4304127ea90fa049a5dc8be25
6743,7585bb0bea55cbea786f69ef7a083fb1
6866,fae9cd88e886ebdafb2201b7a96572cf
6868,30ecf08f4c56569e4d7e19399527218b
1084,537179e243d3dec3239c851dc32b6dc5
6887,0188e7ff71f3fa80d7c4694906e96011
1030,9222864ad56387ab0adb3e51155210e5
6954,35d3b7499b17c7ebe1f9e4ed1bf93863
363,c89290285b2ac70748407e4589f2da6d
